INSERT INTO book(id, version, isbn, title, language, author, description, price, nbOfPages, publisher, publicationDate, imageURL, pageURL) VALUES (1000, 0, '143024626X', 'Beginning Java EE 7',                                                              0, 'Antonio Goncalves', 'Java Enterprise Edition (Java EE) continues to be one of the leading Java technologies and platforms. Beginning Java EE 7 is the first tutorial book on Java EE 7. Step by step and easy to follow, this book describes many of the Java EE 7 specifications...', 49.99, 608, 'APress',    '2013-06-26', 'http://ecx.images-amazon.com/images/I/518rDqWwjhL._SL160_.jpg', 'http://www.amazon.com/Beginning-Java-EE-Antonio-Goncalves/dp/143024626X%3FSubscriptionId%3DAKIAIYNLC7WME6YSY66A%26tag%3Daztag-20%26linkCode%3Dxm2%26camp%3D2025%26creative%3D165953%26creativeASIN%3D143024626X')
INSERT INTO book(id, version, isbn, title, language, author, description, price, nbOfPages, publisher, publicationDate, imageURL, pageURL) VALUES (1001, 0, '1449370179', 'Java EE 7 Essentials',                                                             0, 'Arun Gupta',        'Get up to speed on the principal technologies in the Java Platform, Enterprise Edition 7, and learn how the latest version embraces HTML5, focuses on higher productivity, and provides functionality to meet enterprise demands. Written by Arun Gupta, a k...', 39.99, 362, 'O''Reilly', '2013-09-03', 'http://ecx.images-amazon.com/images/I/51XmtrCbZ5L._SL160_.jpg', 'http://www.amazon.com/Java-EE-Essentials-Arun-Gupta/dp/1449370179%3FSubscriptionId%3DAKIAIYNLC7WME6YSY66A%26tag%3Daztag-20%26linkCode%3Dxm2%26camp%3D2025%26creative%3D165953%26creativeASIN%3D1449370179')
INSERT INTO book(id, version, isbn, title, language, author, description, price, nbOfPages, publisher, publicationDate, imageURL, pageURL) VALUES (1002, 0, '1430244259', 'Java EE 7 Recipes: A Problem-Solution Approach',                                   0, 'Josh Juneau',       'Java EE 7 Recipes takes an example-based approach in showing how to program Enterprise Java applications in many different scenarios. Be it a small-business web application, or an enterprise database application, Java EE 7 Recipes provides effective an...', 49.99, 748, 'APress',    '2013-05-22', 'http://ecx.images-amazon.com/images/I/51MKty2UO2L._SL160_.jpg', 'http://www.amazon.com/Java-EE-Recipes-Problem-Solution-Approach/dp/1430244259%3FSubscriptionId%3DAKIAIYNLC7WME6YSY66A%26tag%3Daztag-20%26linkCode%3Dxm2%26camp%3D2025%26creative%3D165953%26creativeASIN%3D1430244259')
INSERT INTO book(id, version, isbn, title, language, author, description, price, nbOfPages, publisher, publicationDate, imageURL, pageURL) VALUES (1003, 0, '1430258489', 'Introducing Java EE 7: A Look at What''s New',                                     0, 'Josh Juneau',       'Introducing Java EE 7:  A Look at What’s New&lt;/em&gt; guides you through the new features and enhancements in each of the technologies comprising the Java EE platform.  Readers of this book will not have to wade through introductory material or infor...', 29.99, 240, 'APress',    '2013-06-26', 'http://ecx.images-amazon.com/images/I/5125O5fSJ1L._SL160_.jpg', 'http://www.amazon.com/Introducing-Java-EE-Look-Whats/dp/1430258489%3FSubscriptionId%3DAKIAIYNLC7WME6YSY66A%26tag%3Daztag-20%26linkCode%3Dxm2%26camp%3D2025%26creative%3D165953%26creativeASIN%3D1430258489')
INSERT INTO book(id, version, isbn, title, language, author, description, price, nbOfPages, publisher, publicationDate, imageURL, pageURL) VALUES (1004, 0, '1430250011', 'Oracle Certified Master Java Enterprise Architect Java EE 7: Certification Guide', 0, 'B V Kumar',         'Oracle Certified Master, Java Enterprise Architect Java EE 7 Certification Guide is a practical hands on guide for those looking to achieve the Master certification. It deals with the different technological aspects necessary to prop up the understandi...', 49.99, 700, 'APress',    '2014-01-15', 'http://ecx.images-amazon.com/images/I/51maX4w9q9L._SL160_.jpg', 'http://www.amazon.com/Oracle-Certified-Master-Enterprise-Architect/dp/1430250011%3FSubscriptionId%3DAKIAIYNLC7WME6YSY66A%26tag%3Daztag-20%26linkCode%3Dxm2%26camp%3D2025%26creative%3D165953%26creativeASIN%3D1430250011')

INSERT INTO speaker(id, version, firstname, surname, bio)          VALUES (1000, 0, 'Nigel', 'Deakin',       'Nigel Deakin is specification lead for JMS 2.0 (JSR 343) and a principal member of technical staff at Oracle.')
INSERT INTO speaker(id, version, firstname, surname, bio)          VALUES (1001, 0, 'Kinman', 'Chung',       'Spec lead for JSR 341, EL 3.0. Formerly a Tomcat committer. Currently a developer in Glassfish, working on web container, JSP and EL.')
INSERT INTO speaker(id, version, firstname, surname)               VALUES (1002, 0, 'Linda', 'Demichiel')
INSERT INTO speaker(id, version, firstname, surname, bio, twitter) VALUES (1003, 0, 'Arun', 'Gupta',         'Arun Gupta is a Java evangelist working at Oracle. He works to create and foster the community around Java EE, GlassFish, and WebLogic. He has been with the Java EE team since its inception and contributed to all releases. Arun has extensive world wide...', '@arungupta')
INSERT INTO speaker(id, version, firstname, surname, bio, twitter) VALUES (1004, 0, 'Lincoln', 'Baxter III', 'Lincoln Baxter, III is a Research Engineer at Red Hat, working on JBoss open-source projects; most notably as project lead for JBoss Forge.', '@lincolnthree')
INSERT INTO speaker(id, version, firstname, surname, bio)          VALUES (1005, 0, 'Ed', 'Burns',           'Ed Burns is a Senior Staff Engineer for Oracle Corporation where he chairs the JSR 344 (JSF 2.2) Expert Group and contributes to the open source Mojarra project. He is the author of two books published by McGraw-Hill: Secrets of the Rock Star Programme...')
INSERT INTO speaker(id, version, firstname, surname, bio)          VALUES (1006, 0, 'Roger', 'Kitain',       'Roger Kitain is an Engineer at Oracle Corporation where he spent the last 15 years working with web technologies. He started working on JavaServer Faces in 2001 as a member of the implementation team and has co-led the specification for JSF since 1.1, ...')
INSERT INTO speaker(id, version, firstname, surname, bio, twitter) VALUES (1007, 0, 'Antonio', 'Goncalves',  'Antonio is a senior developer specialized in Java/Java EE. As a consultant he advises customers and helps them in defining and developing their software architecture. This Java Champion is also the founder of the very successful Paris JUG, Devoxx Franc...', '@agoncal')
INSERT INTO speaker(id, version, firstname, surname, bio, twitter) VALUES (1008, 0, 'Adam', 'Bien',          'Consultant and author Adam Bien is an Expert Group member for the Java EE 6 / 7, EJB 3.X, JAX-RS and JPA 2.X JSRs. He has worked with Java technology since JDK 1.0 and with Servlets/EJB 1.0 and is now an architect and developer for Java SE and Java EE ...', '@adambien')
INSERT INTO speaker(id, version, firstname, surname, bio, twitter) VALUES (1009, 0, 'Emmanuel', 'Bernard',   'Emmanuel Bernard is data platform architect at JBoss by Red Hat where he oversees data projects of the Red Hat''s middleware and is member of the Hibernate team. Emmanuel has spent a few years in the retail industry as developer and architect where he ...', '@emmanuelbernard')
INSERT INTO speaker(id, version, firstname, surname, bio)          VALUES (1010, 0, 'Jitendra', 'Kotamraju', 'Jitendra Kotamraju is a software engineer at Oracle. He has been contributing to the many Java EE technologies and GlassFish projects for the last 8 years. He was the specification and implementation lead of JAX-WS 2.2. At present, he is the specificat...')
INSERT INTO speaker(id, version, firstname, surname, bio)          VALUES (1011, 0, 'Mike', 'Keith',         'Mike Keith has been an enterprise, distributed systems and persistence expert for over 20 years. He is a Java and Enterprise Architect at Oracle and contributes to Java EE and many of the subspecifications that make up the enterprise Java portfolio. He...')
INSERT INTO speaker(id, version, firstname, surname, bio)          VALUES (1012, 0, 'Anthony', 'Lai',        'Anthony Lai is a principal member of technical staff at Oracle. He is the specification lead for JSR 236 - Concurrency Utilities for Java EE 1.0, and was previously a member of the J2EE Connector Architecture 1.5 specification (JSR 112) expert group.')
INSERT INTO speaker(id, version, firstname, surname, bio)          VALUES (1013, 0, 'Fred', 'Rowe',          'Fred is the WebSphere Architect for a number of Application Server components including those responsible for JEE managed concurrency, JCA (Java Connector Architecture), and database connectivity and connection management. Fred has worked at IBM for 10...')

INSERT INTO talk(id, version, title, description, date, room) VALUES (1000, 0, 'Easier Messaging with JMS 2.0',                        'Java Message Service 2.0, released earlier this year, is the first new version of this key Java API in more than a decade. This session shows how JMS 2.0 makes it easier than ever to build enterprise messaging applications in both Java EE...', '2013-09-23', 'Parc 55 - Cyril Magnin II/III')
INSERT INTO talk(id, version, title, description, date, room) VALUES (1001, 0, 'JSR 341: Expression Language 3.0',                     'This session describes new features in JSR 341, Expression Language (EL) 3.0. It describes the APIs for the use of EL in standalone environments and EL syntax for new operators and lambda expressions. EL 3.0 also includes support for coll...', '2013-09-23', 'Parc 55 - Cyril Magnin I')
INSERT INTO talk(id, version, title, description, date, room) VALUES (1002, 0, 'Java EE 7: What’s New in the Java EE Platform',        'Java EE 7 continues the simplification of the APIs for accessing container services while broadening the range of services available. This platform overview focuses on the following areas Extension of the platform to encompass emerging We...', '2013-09-23', 'Parc 55 - Mission')
INSERT INTO talk(id, version, title, description, date, room) VALUES (1003, 0, 'Coding Java EE 7: Making Easy Even Easier',            'In this code-driven session, you will learn how to take a Java EE 6 application and leverage the new features in the Java EE 7 platform to further simplify the code. You will see how default resources allow you to replace commands specifi...', '2013-09-23', 'Parc 55 - Cyril Magnin II/III')
INSERT INTO talk(id, version, title, description, date, room) VALUES (1004, 0, 'JSF 2.2 New Features in Context',                      'Now that JSF 2.2 is complete, this session demonstrates the most important features in the context of a self-contained sample application. The features covered include. HTML5-friendly markup. Faces Flow. Resource library contracts. You wi...', '2013-09-24', 'Parc 55 - Mission')
INSERT INTO talk(id, version, title, description, date, room) VALUES (1005, 0, 'Java Persistence 2.1',                                 'This session provides an overview of the new features introduced in JPA 2.1 and offers guidelines for their intended use. Topics covered include. Entity graphs and their use in fetching data. Unsynchronized persistence contexts: patterns ...', '2013-09-24', 'Parc 55 - Cyril Magnin II/III')
INSERT INTO talk(id, version, title, description, date, room) VALUES (1006, 0, 'Fifty New Features of Java EE 7 in 50 Minutes',        'The Java EE 7 platform has four new components (WebSocket, JSON-P, batch, and concurrency), three that are significantly updated (JAX-RS, JMS, and EL), and several others that bring significant changes to the platform. As you can imagine ...', '2013-09-24', 'Parc 55 - Cyril Magnin II/III')
INSERT INTO talk(id, version, title, description, date, room) VALUES (1007, 0, 'Lean and Opinionated Java EE 7 Applications',          'Java EE encourages a lean development approach without any ceremony. The vast majority of already established J2EE and most of the GoF patterns have become superfluous. In this session, the speaker builds a Java EE 7 CRUD application, usi...', '2013-09-25', 'Parc 55 - Cyril Magnin II/III')
INSERT INTO talk(id, version, title, description, date, room) VALUES (1008, 0, 'Bean Validation: What Does It Look Like in Practice?', 'Java EE 7 is a very rich environment. This session takes you on a practical code-driven Bean Validation walk-through: how to use it in your applications and what not to do—all with an example-driven approach. The presentation gradually ad...', '2013-09-25', 'Parc 55 - Cyril Magnin II/III')
INSERT INTO talk(id, version, title, description, date, room) VALUES (1009, 0, 'JSR 353: JSON Processing API in Action',               'JSON is a lightweight data exchange format used increasingly in RESTful Web services by highly visible Websites (Facebook, Twitter, Amazon, and the like). The format is easy for humans and machines to read and write. JSON is quickly becom...', '2013-09-25', 'Parc 55 - Cyril Magnin I')
INSERT INTO talk(id, version, title, description, date, room) VALUES (1010, 0, 'Come and Play! with Java EE 7',                        'As you know, Java EE is old-fashioned, heavyweight, cumbersome, and made mostly of boilerplate code. Who would develop a modern Web application with such a technological stack? Who would start an heavy application server, deploy some EJBs...', '2013-09-25', 'Parc 55 - Cyril Magnin II/III')
INSERT INTO talk(id, version, title, description, date, room) VALUES (1011, 0, 'A New Configuration Standard for Java EE',             'A recurring problem that developers and DevOps personnel face is having to deploy an existing Java EE application in a different environment. The dream is to be able to configure it for the new environment without having to crack open the...', '2013-09-25', 'Parc 55 - Cyril Magnin II/III')
INSERT INTO talk(id, version, title, description, date, room) VALUES (1012, 0, 'JSR 236: Introduction to Concurrency Utilities',       'Concurrency Utilities for Java EE is a new addition to the Java EE 7 platform. It adds asynchronous capabilities to Java EE application components through APIs that are mainly extensions of the concurrency utilities in Java SE. It provide...', '2013-09-26', 'Parc 55 - Cyril Magnin I')
INSERT INTO talk(id, version, title, description, date, room) VALUES (1013, 0, 'Unit Tests Don’t Break: Stress-Testing Java EE Apps',  'Although it is hardly possible to find any memory leaks, deadlocks, or concurrency bugs with unit and integration tests, the vast majority of enterprise apps are barely stress-tested. A stress test not only increases the probability of fi...', '2013-09-26', 'Parc 55 - Mission')

INSERT INTO talk_speaker(talk_id, speakers_id) VALUES (1000, 1000)
INSERT INTO talk_speaker(talk_id, speakers_id) VALUES (1001, 1001)
INSERT INTO talk_speaker(talk_id, speakers_id) VALUES (1002, 1002)
INSERT INTO talk_speaker(talk_id, speakers_id) VALUES (1003, 1003)
INSERT INTO talk_speaker(talk_id, speakers_id) VALUES (1003, 1004)
INSERT INTO talk_speaker(talk_id, speakers_id) VALUES (1004, 1005)
INSERT INTO talk_speaker(talk_id, speakers_id) VALUES (1004, 1006)
INSERT INTO talk_speaker(talk_id, speakers_id) VALUES (1006, 1007)
INSERT INTO talk_speaker(talk_id, speakers_id) VALUES (1007, 1008)
INSERT INTO talk_speaker(talk_id, speakers_id) VALUES (1008, 1009)
INSERT INTO talk_speaker(talk_id, speakers_id) VALUES (1011, 1011)
INSERT INTO talk_speaker(talk_id, speakers_id) VALUES (1012, 1012)
INSERT INTO talk_speaker(talk_id, speakers_id) VALUES (1012, 1013)
